0,True
1,False
2,False
3,False
4,False
5,True
6,False
7,True
8,False
9,False
10,False
11,True
12,False
13,True
14,False
15,True
16,True
17,False
18,False
19,False
20,True
21,False
22,False
23,False
24,True
25,True
26,True
27,False
28,False
29,False
30,True
31,True
32,True
33,True
34,True
35,True
36,True
37,True
38,False
39,True
40,True
41,True
42,False
43,True
44,True
45,True
46,False
47,False
48,True
49,True
50,True
51,False
52,False
53,True
54,True
55,True
56,False
57,False
58,True
59,True
60,True
61,True
62,True
63,True
64,False
65,True
66,True
67,True
68,False
69,True
70,False
71,True
72,True
73,True
74,False
75,True
76,True
77,False
78,True
79,True
80,False
81,True
82,True
83,True
84,True
85,True
86,True
87,False
88,True
89,True
90,False
91,False
92,True
93,True
94,False
95,False
96,True
97,True
98,True
99,True
100,True
101,False
102,False
103,False
104,False
105,True
106,False
107,True
108,False
109,True
110,False
111,False
112,True
113,True
114,False
115,False
116,True
117,True
118,True
119,False
120,True
121,False
122,True
123,True
124,True
125,False
126,False
127,False
128,False
129,False
130,False
131,True
132,False
133,False
134,True
135,True
136,False
137,True
138,False
139,False
140,True
141,False
142,False
143,False
144,False
145,True
146,True
147,True
148,False
149,True
150,False
151,False
152,False
153,True
154,False
155,True
156,False
157,False
158,False
159,True
160,False
161,False
162,False
163,False
164,False
165,False
166,False
167,True
168,True
169,False
170,False
171,False
172,False
173,False
174,True
175,False
176,True
177,True
178,False
179,True
180,True
181,False
182,False
183,False
184,True
185,False
186,False
187,False
188,True
189,False
190,True
191,True
192,False
193,False
194,False
195,True
196,True
197,True
198,True
199,True
200,False
201,False
202,True
203,True
204,True
205,False
206,True
207,True
208,False
209,False
210,True
211,True
212,True
213,True
214,True
215,True
216,False
217,False
218,True
219,False
220,True
221,False
222,False
223,True
224,True
225,True
226,True
227,True
228,True
229,False
230,False
231,True
232,True
233,False
234,True
235,True
236,False
237,True
238,False
239,True
240,False
241,True
242,True
243,False
244,True
245,True
246,True
247,False
248,True
249,True
250,True
251,False
252,False
253,True
254,True
255,True
256,False
257,False
258,True
259,True
260,False
261,True
262,True
263,False
264,True
265,False
266,True
267,True
268,True
269,False
270,True
271,True
272,False
273,False
274,True
275,False
276,True
277,True
278,True
279,False
280,False
281,True
282,True
283,False
284,False
285,False
286,False
287,True
288,False
289,True
290,False
291,True
292,False
293,False
294,False
295,True
296,False
297,False
298,False
299,False
300,False
301,True
302,False
303,True
304,False
305,False
306,False
307,False
308,True
309,False
310,False
311,False
312,True
313,False
314,False
315,False
316,False
317,True
318,False
319,True
320,False
321,True
322,False
323,False
324,True
325,False
326,False
327,False
328,False
329,False
330,True
331,False
332,False
333,False
334,False
335,False
336,False
337,True
338,True
339,False
340,True
341,True
342,False
343,False
344,True
345,True
346,False
347,True
348,True
349,False
350,True
351,False
352,True
353,False
354,False
355,False
356,False
357,False
358,True
359,False
360,False
361,False
362,True
363,False
364,False
365,True
366,False
367,True
368,True
369,False
370,False
371,False
372,True
373,False
374,True
375,False
376,True
377,True
378,True
379,True
380,True
381,True
382,True
383,False
384,True
385,True
386,False
387,False
388,True
389,False
390,True
391,False
392,True
393,False
394,False
395,False
396,True
397,False
398,False
399,False
400,False
401,False
402,False
403,False
404,False
405,True
406,True
407,False
408,False
409,False
410,False
411,True
412,False
413,False
414,False
415,True
416,False
417,True
418,False
419,True
420,True
421,False
422,False
423,True
424,False
425,False
426,False
427,False
428,False
429,True
430,False
431,False
432,True
433,True
434,False
435,True
436,False
437,False
438,False
439,True
440,False
441,True
442,True
443,False
444,True
445,True
446,True
447,True
448,False
449,True
450,True
451,True
452,False
453,True
454,True
455,False
456,False
457,True
458,True
459,True
460,False
461,True
462,True
463,False
464,False
465,True
466,False
467,True
468,True
469,False
470,True
471,False
472,True
473,True
474,True
475,False
476,True
477,True
478,True
479,False
480,True
481,False
482,False
483,False
484,True
485,False
486,True
487,True
488,True
489,True
490,True
491,True
492,False
493,True
494,False
495,False
496,True
497,True
498,True
499,True
500,True
501,False
502,True
503,True
504,False
505,False
506,True
507,True
508,True
509,True
510,False
511,False
512,False
513,False
514,False
515,True
516,False
517,True
518,False
519,True
520,True
521,False
522,False
523,False
524,False
525,False
526,True
527,True
528,True
529,False
530,True
531,True
532,True
533,False
534,False
535,True
536,True
537,True
538,False
539,True
540,False
541,True
542,True
543,True
544,True
545,False
546,True
547,True
548,True
549,False
550,False
551,True
552,False
553,False
554,False
555,True
556,False
557,True
558,False
559,True
560,False
561,True
562,False
563,False
564,False
565,True
566,True
567,True
568,True
569,True
570,False
571,True
572,True
573,False
574,True
575,True
576,False
577,True
578,True
579,True
580,False
581,True
582,True
583,True
584,False
585,True
586,True
587,False
588,False
589,True
590,False
591,True
592,False
593,True
594,False
595,True
596,True
597,False
598,True
599,False
600,False
601,False
602,True
603,False
604,True
605,True
606,False
607,True
608,True
609,True
610,True
611,False
612,True
613,False
614,True
615,False
616,True
617,True
618,False
619,True
620,True
621,False
622,False
623,True
624,True
625,True
626,False
627,True
628,True
629,True
630,True
631,False
632,True
633,True
634,True
635,True
636,True
637,True
638,False
639,True
640,True
641,False
642,True
643,True
644,True
645,False
646,True
647,True
648,True
649,True
650,False
651,False
652,False
653,True
654,False
655,True
656,True
657,False
658,False
659,True
660,False
661,True
662,False
663,False
664,False
665,True
666,False
667,False
668,False
669,False
670,False
671,False
672,True
673,True
674,False
675,True
676,False
677,False
678,False
679,True
680,True
681,False
682,True
683,False
684,False
685,False
686,True
687,True
688,True
689,True
690,False
691,True
692,False
693,True
694,True
695,True
696,True
697,True
698,False
699,True
700,True
701,True
702,False
703,True
704,False
705,True
706,True
707,False
708,False
709,True
710,True
711,False
712,True
713,True
714,True
715,True
716,True
717,False
718,False
719,True
720,False
721,True
722,False
723,True
724,True
725,True
726,False
727,False
728,False
729,True
730,True
731,True
732,True
733,True
734,False
735,True
736,True
737,False
738,True
739,False
740,True
741,True
742,False
743,True
744,True
745,False
746,True
747,True
748,False
749,False
750,True
751,False
752,True
753,True
754,False
755,False
756,True
757,False
758,False
759,False
760,True
761,False
762,True
763,False
764,False
765,True
766,True
767,True
768,True
769,True
770,False
771,False
772,False
773,True
774,True
775,False
776,True
777,True
778,False
779,True
780,True
781,True
782,True
783,False
784,False
785,True
786,False
787,False
788,False
789,False
790,True
791,True
792,True
793,False
794,False
795,True
796,False
797,False
798,True
799,False
800,False
801,False
802,True
803,True
804,False
805,False
806,True
807,False
808,True
809,True
810,True
811,True
812,True
813,False
814,False
815,True
816,True
817,False
818,True
819,True
820,True
821,False
822,True
823,False
824,True
825,True
826,False
827,False
828,False
829,True
830,False
831,True
832,False
833,True
834,True
835,True
836,True
837,True
838,True
839,True
840,True
841,True
842,True
843,True
844,True
845,True
846,True
847,True
848,False
849,True
850,False
851,True
852,False
853,True
854,True
855,True
856,True
857,True
858,False
859,True
860,True
861,True
862,True
863,False
864,True
865,True
866,True
867,False
868,True
869,True
870,False
871,True
872,True
873,True
874,True
875,True
876,True
877,False
878,True
879,True
880,True
881,True
882,False
883,True
884,False
885,False
886,True
887,False
888,True
889,False
890,True
891,False
892,False
893,True
894,False
895,True
896,False
897,False
898,False
899,True
900,False
901,False
902,False
903,True
904,True
905,False
906,False
907,False
908,False
909,True
910,True
911,False
912,True
913,True
914,True
915,True
916,False
917,False
918,False
919,True
920,False
921,True
922,True
923,True
924,False
925,True
926,True
927,False
928,False
929,False
930,True
931,True
932,False
933,True
934,False
935,False
936,True
937,True
938,False
939,True
940,False
941,False
942,True
943,False
944,False
945,True
946,False
947,False
948,True
949,True
950,True
951,False
952,False
953,False
954,False
955,True
956,True
957,False
958,True
959,True
960,True
961,False
962,True
963,False
964,False
965,True
966,False
967,False
968,False
969,False
970,True
971,True
972,False
973,False
974,True
975,False
976,True
977,True
978,True
979,True
980,False
981,True
982,True
983,True
984,True
985,False
986,True
987,True
988,True
989,True
990,False
991,True
992,True
993,True
994,True
995,True
996,True
997,True
998,True
999,True
1000,False
1001,True
1002,True
1003,True
1004,True
1005,True
1006,True
1007,True
1008,True
1009,True
1010,True
1011,True
1012,True
1013,True
1014,True
1015,True
1016,True
1017,True
1018,True
1019,True
1020,True
1021,True
1022,True
1023,False
1024,True
1025,True
1026,True
1027,True
1028,False
1029,True
1030,True
1031,False
1032,False
1033,False
1034,False
1035,True
1036,False
1037,True
1038,True
1039,True
1040,False
1041,True
1042,False
1043,True
1044,True
1045,False
1046,False
1047,False
1048,False
1049,False
1050,True
1051,False
1052,True
1053,False
1054,False
1055,True
1056,False
1057,True
1058,False
1059,True
1060,False
1061,False
1062,True
1063,False
1064,True
1065,True
1066,False
1067,True
1068,True
1069,False
1070,True
1071,False
1072,True
1073,False
1074,True
1075,False
1076,False
1077,True
1078,False
1079,False
1080,False
1081,True
1082,True
1083,False
1084,False
1085,True
1086,False
1087,False
1088,False
1089,False
1090,True
1091,False
1092,True
1093,False
1094,False
1095,True
1096,True
1097,False
1098,False
1099,True
1100,False
1101,True
1102,True
1103,False
1104,False
1105,False
1106,False
1107,True
1108,False
1109,True
1110,False
1111,True
1112,True
1113,False
1114,True
1115,False
1116,False
1117,False
1118,False
1119,False
1120,False
1121,True
1122,False
1123,True
1124,False
1125,True
1126,True
1127,False
1128,False
1129,True
1130,True
1131,True
1132,True
1133,True
1134,False
1135,False
1136,False
1137,True
1138,True
1139,False
1140,False
1141,False
1142,False
1143,True
1144,True
1145,False
1146,True
1147,False
1148,False
1149,False
1150,False
1151,False
1152,True
1153,True
1154,False
1155,False
1156,True
1157,False
1158,False
1159,True
1160,False
1161,False
1162,False
1163,True
1164,True
1165,True
1166,False
1167,True
1168,True
1169,False
1170,True
1171,True
1172,False
1173,False
1174,True
1175,True
1176,False
1177,False
1178,True
1179,False
1180,True
1181,True
1182,False
1183,False
1184,True
1185,True
1186,True
1187,False
1188,False
1189,False
1190,False
1191,True
1192,True
1193,True
1194,False
1195,False
1196,False
1197,True
1198,True
1199,True
1200,True
1201,False
1202,False
1203,True
1204,False
1205,True
1206,True
1207,True
1208,False
1209,True
1210,True
1211,False
1212,True
1213,True
1214,False
1215,True
1216,False
1217,True
1218,False
1219,True
1220,True
1221,False
1222,False
1223,False
1224,True
1225,False
1226,True
1227,True
1228,False
1229,False
1230,True
1231,True
1232,True
1233,False
1234,True
1235,True
1236,True
1237,False
1238,True
1239,True
1240,True
1241,True
1242,True
1243,False
1244,False
1245,False
1246,False
1247,False
1248,True
1249,False
1250,False
1251,False
1252,False
1253,False
1254,False
1255,False
1256,False
1257,False
1258,True
1259,False
1260,False
1261,False
1262,False
1263,True
1264,True
1265,False
1266,True
1267,False
1268,True
1269,True
1270,False
1271,True
1272,False
1273,True
1274,True
1275,True
1276,True
1277,True
1278,True
1279,True
1280,True
1281,True
1282,True
1283,True
1284,True
1285,False
1286,False
1287,True
1288,True
1289,True
1290,True
1291,True
1292,True
1293,True
1294,True
1295,False
1296,True
1297,True
1298,True
1299,True
1300,False
1301,True
1302,True
1303,True
1304,True
1305,False
1306,True
1307,True
1308,True
1309,False
1310,True
1311,True
1312,True
1313,False
1314,True
1315,True
1316,True
1317,True
1318,True
1319,True
1320,True
1321,True
1322,False
1323,False
1324,True
1325,True
1326,False
1327,False
1328,False
1329,True
1330,False
1331,True
1332,False
1333,True
1334,False
1335,False
1336,False
1337,False
1338,True
1339,False
1340,False
1341,True
1342,False
1343,False
1344,False
1345,False
1346,False
1347,True
1348,False
1349,False
1350,True
1351,True
1352,True
1353,False
1354,True
1355,True
1356,True
1357,True
1358,False
1359,True
1360,False
1361,True
1362,False
1363,False
1364,False
1365,True
1366,True
1367,True
1368,False
1369,True
1370,True
1371,False
1372,True
1373,True
1374,True
1375,False
1376,True
1377,True
1378,False
1379,True
1380,True
1381,True
1382,True
1383,False
1384,True
1385,True
1386,True
1387,True
1388,True
1389,False
1390,True
1391,False
1392,False
1393,True
1394,True
1395,True
1396,False
1397,True
1398,True
1399,True
1400,False
1401,True
1402,True
1403,False
1404,True
1405,False
1406,True
1407,False
1408,False
1409,False
1410,False
1411,True
1412,False
1413,False
1414,True
1415,True
1416,True
1417,False
1418,True
1419,True
1420,False
1421,False
1422,False
1423,False
1424,True
1425,False
1426,True
1427,False
1428,True
1429,False
1430,True
1431,False
1432,True
1433,True
1434,False
1435,True
1436,True
1437,True
1438,False
1439,False
1440,True
1441,False
1442,False
1443,True
1444,True
1445,False
1446,False
1447,True
1448,False
1449,False
1450,False
1451,False
1452,False
1453,True
1454,True
1455,False
1456,True
1457,True
1458,True
1459,True
1460,True
1461,True
1462,False
1463,True
1464,False
1465,False
1466,False
1467,True
1468,False
1469,False
1470,True
1471,False
1472,True
1473,True
1474,False
1475,False
1476,False
1477,True
1478,False
1479,True
1480,True
1481,False
1482,True
1483,False
1484,True
1485,True
1486,False
1487,True
1488,False
1489,True
1490,False
1491,False
1492,True
1493,True
1494,False
1495,True
1496,False
1497,True
1498,False
1499,False
1500,True
1501,True
1502,False
1503,False
1504,True
1505,True
1506,False
1507,True
1508,False
1509,False
1510,True
1511,True
1512,False
1513,True
1514,False
1515,False
1516,False
1517,False
1518,True
1519,False
1520,False
1521,False
1522,False
1523,True
1524,True
1525,True
1526,True
1527,False
1528,False
1529,False
1530,False
1531,True
1532,True
1533,True
1534,False
1535,True
1536,True
1537,True
1538,False
1539,False
1540,True
1541,False
1542,False
1543,True
1544,True
1545,False
1546,True
1547,True
1548,True
1549,True
1550,False
1551,False
1552,True
1553,True
1554,True
1555,False
1556,True
1557,False
1558,False
1559,True
1560,True
1561,False
1562,True
1563,False
1564,True
1565,True
1566,True
1567,False
1568,True
1569,False
1570,True
1571,True
1572,False
1573,True
1574,False
1575,False
1576,True
1577,True
1578,True
1579,False
1580,False
1581,True
1582,True
1583,False
1584,True
1585,True
1586,True
1587,False
1588,True
1589,False
1590,True
1591,True
1592,True
1593,False
1594,True
1595,True
1596,True
1597,False
1598,False
1599,False
1600,True
1601,True
1602,False
1603,False
1604,True
1605,True
1606,True
1607,True
1608,False
1609,True
1610,True
1611,True
1612,False
1613,False
1614,False
1615,True
1616,False
1617,True
1618,False
1619,True
1620,True
1621,True
1622,True
1623,False
1624,True
1625,False
1626,False
1627,False
1628,False
1629,False
1630,False
1631,True
1632,True
1633,False
1634,True
1635,True
1636,True
1637,True
1638,False
1639,False
1640,False
1641,False
1642,False
1643,True
1644,False
1645,True
1646,False
1647,False
1648,True
1649,False
1650,False
1651,True
1652,True
1653,False
1654,True
1655,False
1656,False
1657,False
1658,False
1659,False
1660,True
1661,True
1662,False
1663,True
1664,True
1665,True
1666,True
1667,False
1668,True
1669,False
1670,True
1671,False
1672,False
1673,False
1674,True
1675,True
1676,False
1677,True
1678,False
1679,True
1680,False
1681,False
1682,False
1683,False
1684,True
1685,False
1686,True
1687,False
1688,False
1689,True
1690,False
1691,True
1692,False
1693,True
1694,False
1695,True
1696,False
1697,True
1698,True
1699,True
1700,False
1701,False
1702,False
1703,True
1704,True
1705,True
1706,False
1707,True
1708,True
1709,False
1710,True
1711,False
1712,False
1713,False
1714,False
1715,False
1716,False
1717,False
1718,False
1719,False
1720,False
1721,False
1722,False
1723,True
1724,True
1725,False
1726,True
1727,False
1728,False
1729,True
1730,True
1731,False
1732,False
1733,False
1734,True
1735,False
1736,True
1737,False
1738,True
1739,False
1740,False
1741,False
1742,False
1743,False
1744,True
1745,False
1746,False
1747,True
1748,True
1749,True
1750,True
1751,False
1752,True
1753,False
1754,True
1755,True
1756,True
1757,False
1758,False
1759,False
1760,False
1761,False
1762,True
1763,False
1764,True
1765,False
1766,True
1767,False
1768,True
1769,True
1770,True
1771,False
1772,True
1773,False
1774,True
1775,False
1776,True
1777,True
1778,False
1779,True
1780,True
1781,False
1782,True
1783,False
1784,True
1785,False
1786,True
1787,False
1788,False
1789,True
1790,False
1791,False
1792,True
1793,True
1794,True
1795,True
1796,False
1797,True
1798,False
1799,False
1800,False
1801,True
1802,False
1803,False
1804,True
1805,False
1806,False
1807,False
1808,False
1809,True
1810,True
1811,True
1812,True
1813,True
1814,True
1815,True
1816,False
1817,True
1818,True
1819,False
1820,False
1821,True
1822,False
1823,True
1824,True
1825,True
1826,False
1827,True
1828,True
1829,True
1830,True
1831,True
1832,False
1833,True
1834,True
1835,True
1836,True
1837,False
1838,True
1839,False
1840,False
1841,True
1842,True
1843,True
1844,True
1845,False
1846,True
1847,True
1848,False
1849,True
1850,False
1851,True
1852,False
1853,False
1854,False
1855,False
1856,True
1857,False
1858,False
1859,True
1860,False
1861,False
1862,False
1863,False
1864,False
1865,True
1866,True
1867,False
1868,True
1869,False
1870,False
1871,False
1872,False
1873,True
1874,True
1875,True
1876,True
1877,False
1878,False
1879,False
1880,False
1881,False
1882,False
1883,False
1884,False
1885,False
1886,False
1887,False
1888,True
1889,True
1890,False
1891,False
1892,False
1893,True
1894,True
1895,False
1896,False
1897,True
1898,True
1899,True
1900,False
1901,True
1902,True
1903,True
1904,True
1905,False
1906,True
1907,False
1908,False
1909,True
1910,True
1911,False
1912,False
1913,False
1914,False
1915,True
1916,False
1917,False
1918,True
1919,True
1920,True
1921,False
1922,True
1923,True
1924,True
1925,False
1926,True
1927,True
1928,False
1929,True
1930,False
1931,False
1932,True
1933,True
1934,False
1935,False
1936,False
1937,True
1938,True
1939,True
1940,False
1941,True
1942,True
1943,False
1944,True
1945,True
1946,False
1947,True
1948,True
1949,True
1950,True
1951,False
1952,False
1953,True
1954,False
1955,True
1956,False
1957,False
1958,False
1959,False
1960,True
1961,False
1962,False
1963,False
1964,False
1965,True
1966,True
1967,False
1968,True
1969,True
1970,False
1971,False
1972,True
1973,False
1974,True
1975,True
1976,True
1977,False
1978,False
1979,True
1980,True
1981,False
1982,True
1983,True
1984,True
1985,True
1986,True
1987,True
1988,False
1989,True
1990,True
1991,True
1992,False
1993,True
1994,True
1995,False
1996,False
1997,True
1998,False
1999,False
2000,True
2001,True
2002,True
2003,True
2004,False
2005,False
2006,False
2007,True
2008,True
2009,True
2010,True
2011,False
2012,True
2013,False
2014,False
2015,False
2016,False
2017,False
2018,True
2019,True
2020,False
2021,False
2022,False
2023,False
2024,True
2025,True
2026,True
2027,False
2028,True
2029,False
2030,False
2031,False
2032,False
2033,False
2034,True
2035,False
2036,True
2037,False
2038,False
2039,False
2040,False
2041,False
2042,False
2043,True
2044,False
2045,True
2046,True
2047,False
2048,False
2049,True
2050,True
2051,True
2052,True
2053,True
2054,True
2055,False
2056,False
2057,True
2058,False
2059,True
2060,True
2061,False
2062,True
2063,False
2064,False
2065,False
2066,True
2067,True
2068,True
2069,False
2070,True
2071,True
2072,False
2073,True
2074,True
2075,True
2076,False
2077,False
2078,True
2079,True
2080,True
2081,True
2082,False
2083,True
2084,True
2085,False
2086,True
2087,True
2088,False
2089,False
2090,True
2091,False
2092,True
2093,False
2094,True
2095,True
2096,True
2097,True
2098,True
2099,False
2100,True
2101,True
2102,True
2103,True
2104,True
2105,True
2106,True
2107,False
2108,True
2109,False
2110,True
2111,True
2112,False
2113,False
2114,True
2115,False
2116,True
2117,False
2118,False
2119,False
2120,True
2121,False
2122,False
2123,False
2124,True
2125,False
2126,True
2127,False
2128,True
2129,False
2130,True
2131,True
2132,False
2133,True
2134,False
2135,True
2136,False
2137,True
2138,True
2139,True
2140,True
2141,True
2142,True
2143,True
2144,True
2145,True
2146,False
2147,True
2148,False
2149,False
2150,True
2151,False
2152,True
2153,True
2154,True
2155,False
2156,False
2157,True
2158,True
2159,False
2160,True
2161,True
2162,True
2163,True
2164,False
2165,True
2166,True
2167,False
2168,True
2169,True
2170,False
2171,False
2172,False
2173,True
2174,False
2175,True
2176,True
2177,False
2178,False
2179,False
2180,False
2181,True
2182,True
2183,True
2184,False
2185,True
2186,True
2187,False
2188,False
2189,True
2190,False
2191,False
2192,False
2193,False
2194,False
2195,False
2196,False
2197,True
2198,True
2199,True
2200,False
2201,False
2202,False
2203,True
2204,True
2205,True
2206,False
2207,True
2208,False
2209,True
2210,True
2211,False
2212,False
2213,False
2214,False
2215,True
2216,False
2217,False
2218,True
2219,False
2220,True
2221,True
2222,False
2223,False
2224,True
2225,False
2226,False
2227,False
2228,False
2229,True
2230,True
2231,True
2232,False
2233,False
2234,True
2235,False
2236,True
2237,True
2238,True
2239,False
2240,False
2241,True
2242,False
2243,False
2244,False
2245,True
2246,False
2247,False
2248,False
2249,False
2250,False
2251,False
2252,False
2253,True
2254,False
2255,True
2256,True
2257,False
2258,False
2259,True
2260,True
2261,True
2262,False
2263,True
2264,False
2265,True
2266,False
2267,True
2268,True
2269,False
2270,True
2271,False
2272,True
2273,False
2274,True
2275,False
2276,False
2277,True
2278,True
2279,True
2280,False
2281,True
2282,False
2283,True
2284,True
2285,False
2286,True
2287,True
2288,False
2289,True
2290,False
2291,True
2292,True
2293,False
2294,True
2295,True
2296,True
2297,False
2298,True
2299,True
2300,False
2301,True
2302,False
2303,False
2304,True
2305,True
2306,False
2307,True
2308,True
2309,False
2310,True
2311,False
2312,False
2313,True
2314,False
2315,False
2316,False
2317,True
2318,False
2319,False
2320,False
2321,False
2322,False
2323,False
2324,True
2325,True
2326,True
2327,True
2328,False
2329,True
2330,False
2331,True
2332,False
2333,False
2334,False
2335,False
2336,True
2337,False
2338,False
2339,True
2340,False
2341,True
2342,False
2343,True
2344,False
2345,False
2346,True
2347,False
2348,True
2349,False
2350,True
2351,True
2352,True
2353,False
2354,True
2355,True
2356,True
2357,False
2358,True
2359,False
2360,True
2361,False
2362,False
2363,True
2364,True
2365,False
2366,False
2367,True
2368,True
2369,False
2370,False
2371,True
2372,True
2373,False
2374,False
2375,True
2376,True
2377,False
2378,True
2379,False
2380,True
2381,False
2382,False
2383,True
2384,False
2385,True
2386,False
2387,True
2388,True
2389,True
2390,False
2391,False
2392,True
2393,False
2394,True
2395,False
2396,True
2397,False
2398,False
2399,False
2400,True
2401,True
2402,False
2403,True
2404,True
2405,False
2406,True
2407,False
2408,True
2409,True
2410,False
2411,True
2412,False
2413,False
2414,True
2415,False
2416,True
2417,False
2418,True
2419,False
2420,False
2421,False
2422,False
2423,False
2424,True
2425,True
2426,False
2427,False
2428,False
2429,False
2430,True
2431,False
2432,False
2433,False
2434,True
2435,False
2436,True
2437,False
2438,False
2439,False
2440,False
2441,True
2442,True
2443,False
2444,False
2445,False
2446,False
2447,True
2448,False
2449,True
2450,False
2451,False
2452,False
2453,False
2454,True
2455,True
2456,False
2457,True
2458,False
2459,True
2460,False
2461,False
2462,False
2463,True
2464,False
2465,False
2466,False
2467,False
2468,False
2469,False
2470,True
2471,True
2472,False
2473,True
2474,True
2475,True
2476,False
2477,True
2478,True
2479,True
2480,False
2481,True
2482,False
2483,True
2484,False
2485,False
2486,True
2487,False
2488,False
2489,False
2490,False
2491,False
2492,False
2493,True
2494,True
2495,True
2496,True
2497,False
2498,False
2499,True
2500,False
2501,False
2502,False
2503,True
2504,False
2505,True
2506,False
2507,False
2508,True
2509,False
2510,True
2511,True
2512,True
2513,False
2514,True
2515,False
2516,True
2517,True
2518,True
2519,False
2520,True
2521,False
2522,False
2523,False
2524,True
2525,False
2526,False
2527,True
2528,True
2529,False
2530,False
2531,False
2532,False
2533,False
2534,False
2535,False
2536,False
2537,False
2538,False
2539,False
2540,False
2541,True
2542,False
2543,True
2544,False
2545,False
2546,False
2547,False
2548,False
2549,True
2550,True
2551,False
2552,False
2553,True
2554,True
2555,False
2556,True
2557,True
2558,True
2559,False
2560,True
2561,False
2562,True
2563,False
2564,False
2565,True
2566,True
2567,False
2568,False
2569,False
2570,True
2571,False
2572,True
2573,False
2574,False
2575,False
2576,True
2577,True
2578,True
2579,True
2580,False
2581,True
2582,True
2583,False
2584,True
2585,False
2586,False
2587,False
2588,False
2589,False
2590,False
2591,True
2592,True
2593,False
2594,True
2595,True
2596,True
2597,False
2598,False
2599,False
2600,False
2601,False
2602,True
2603,False
2604,True
2605,False
2606,True
2607,False
2608,True
2609,False
2610,False
2611,True
2612,True
2613,False
2614,True
2615,True
2616,False
2617,True
2618,False
2619,True
2620,False
2621,False
2622,False
2623,False
2624,False
2625,True
2626,False
2627,True
2628,False
2629,False
2630,True
2631,True
2632,False
2633,True
2634,False
2635,True
2636,True
2637,False
2638,False
2639,True
2640,True
2641,True
2642,True
2643,True
2644,True
2645,True
2646,True
2647,False
2648,True
2649,True
2650,False
2651,True
2652,True
2653,True
2654,True
2655,True
2656,True
2657,False
2658,True
2659,True
2660,False
2661,True
2662,True
2663,True
2664,False
2665,True
2666,False
2667,False
2668,False
2669,True
2670,False
2671,False
2672,False
2673,True
2674,False
2675,True
2676,False
2677,True
2678,True
2679,True
2680,True
2681,False
2682,False
2683,False
2684,False
2685,False
2686,True
2687,True
2688,False
2689,True
2690,False
2691,True
2692,False
2693,True
2694,False
2695,False
2696,True
2697,True
2698,True
2699,True
2700,False
2701,True
2702,False
2703,False
2704,False
2705,False
2706,False
2707,True
2708,True
2709,False
2710,False
2711,False
2712,True
2713,False
2714,True
2715,False
2716,True
2717,True
2718,True
2719,False
2720,True
2721,True
2722,False
2723,False
2724,True
2725,True
2726,False
2727,False
2728,True
2729,False
2730,False
2731,False
2732,True
2733,True
2734,False
2735,True
2736,True
2737,False
2738,True
2739,True
2740,True
2741,False
2742,True
2743,False
2744,True
2745,False
2746,False
2747,False
2748,False
2749,True
2750,True
2751,True
2752,True
2753,False
2754,True
2755,True
2756,False
2757,False
2758,False
2759,False
2760,False
2761,True
2762,False
2763,True
2764,False
2765,True
2766,True
2767,False
2768,False
2769,False
2770,True
2771,False
2772,False
2773,False
2774,False
2775,False
2776,False
2777,False
2778,True
2779,False
2780,False
2781,True
2782,False
2783,False
2784,False
2785,True
2786,False
2787,False
2788,False
2789,False
2790,False
2791,True
2792,False
2793,False
2794,True
2795,False
2796,True
2797,False
2798,False
2799,False
2800,False
2801,True
2802,False
2803,True
2804,True
2805,True
2806,False
2807,True
2808,True
2809,False
2810,True
2811,False
2812,False
2813,False
2814,True
2815,False
2816,False
2817,True
2818,False
2819,True
2820,True
2821,False
2822,True
2823,True
2824,True
2825,True
2826,True
2827,True
2828,True
2829,True
2830,True
2831,True
2832,True
2833,True
2834,False
2835,True
2836,True
2837,True
2838,True
2839,True
2840,True
2841,True
2842,True
2843,True
2844,True
2845,True
2846,True
2847,True
2848,True
2849,True
2850,True
2851,True
2852,False
2853,True
2854,True
2855,True
2856,True
2857,True
2858,True
2859,True
2860,True
2861,True
2862,True
2863,False
2864,True
2865,False
2866,True
2867,True
2868,True
2869,True
2870,True
2871,False
2872,False
2873,False
2874,True
2875,True
2876,True
2877,False
2878,True
2879,True
2880,True
2881,False
2882,True
2883,False
2884,True
2885,True
2886,True
2887,True
2888,False
2889,True
2890,True
2891,False
2892,False
2893,True
2894,False
2895,True
2896,True
2897,True
2898,True
2899,True
2900,False
2901,True
2902,True
2903,False
2904,True
2905,True
2906,True
2907,True
2908,False
2909,True
2910,True
2911,False
2912,True
2913,True
2914,True
2915,True
2916,False
2917,True
2918,True
2919,False
2920,True
2921,False
2922,False
2923,False
2924,False
2925,False
2926,False
2927,True
2928,True
2929,False
2930,False
2931,False
2932,True
2933,True
2934,True
2935,True
2936,True
2937,False
2938,False
2939,True
2940,True
2941,True
2942,False
2943,True
2944,False
2945,False
2946,True
2947,True
2948,False
2949,False
2950,True
2951,True
2952,True
2953,False
2954,True
2955,True
2956,True
2957,False
2958,True
2959,False
2960,True
2961,True
2962,False
2963,True
2964,False
2965,False
2966,False
2967,False
2968,False
2969,False
2970,True
2971,False
2972,False
2973,True
2974,True
2975,False
2976,True
2977,False
2978,False
2979,True
2980,True
2981,False
2982,False
2983,False
2984,True
2985,False
2986,True
2987,False
2988,True
2989,True
2990,False
2991,True
2992,False
2993,True
2994,False
2995,True
2996,False
2997,True
2998,True
2999,False
3000,False
3001,False
3002,False
3003,True
3004,False
3005,True
3006,False
3007,False
3008,True
3009,False
3010,True
3011,False
3012,True
3013,False
3014,True
3015,False
3016,True
3017,False
3018,False
3019,True
3020,True
3021,False
3022,False
3023,True
3024,False
3025,False
3026,False
3027,True
3028,True
3029,False
3030,False
3031,True
3032,False
3033,False
3034,True
3035,False
3036,True
3037,True
3038,False
3039,True
3040,True
3041,False
3042,False
3043,True
3044,True
3045,False
3046,True
3047,True
3048,True
3049,True
3050,False
3051,False
3052,True
3053,True
3054,False
3055,True
3056,False
3057,False
3058,False
3059,False
3060,False
3061,False
3062,True
3063,False
3064,True
3065,False
3066,False
3067,False
3068,False
3069,False
3070,False
3071,True
3072,True
3073,False
3074,False
3075,False
3076,True
3077,False
3078,True
3079,False
3080,False
3081,False
3082,True
3083,True
3084,False
3085,False
3086,True
3087,True
3088,True
3089,False
3090,True
3091,True
3092,True
3093,True
3094,False
3095,False
3096,False
3097,False
3098,False
3099,True
3100,False
3101,True
3102,True
3103,False
3104,True
3105,True
3106,False
3107,False
3108,True
3109,False
3110,True
3111,False
3112,False
3113,True
3114,False
3115,True
3116,True
3117,False
3118,False
3119,True
3120,False
3121,False
3122,True
3123,False
3124,False
3125,False
3126,True
3127,True
3128,True
3129,False
3130,True
3131,False
3132,False
3133,False
3134,False
3135,True
3136,False
3137,True
3138,True
3139,False
3140,True
3141,True
3142,False
3143,True
3144,False
3145,True
3146,False
3147,True
3148,False
3149,False
3150,False
3151,True
3152,True
3153,False
3154,False
3155,True
3156,True
3157,False
3158,True
3159,False
3160,True
3161,True
3162,False
3163,False
3164,True
3165,False
3166,True
3167,True
3168,True
3169,False
3170,False
3171,True
3172,False
3173,True
3174,False
3175,False
3176,True
3177,False
3178,True
3179,False
3180,True
3181,False
3182,False
3183,True
3184,False
3185,True
3186,True
3187,False
3188,False
3189,True
3190,True
3191,False
3192,False
3193,False
3194,False
3195,False
3196,False
3197,False
3198,False
3199,True
3200,True
3201,False
3202,False
3203,False
3204,True
3205,False
3206,False
3207,True
3208,True
3209,True
3210,False
3211,True
3212,True
3213,True
3214,False
3215,True
3216,True
3217,False
3218,True
3219,True
3220,False
3221,True
3222,True
3223,True
3224,True
3225,False
3226,True
3227,False
3228,True
3229,True
3230,True
3231,True
3232,False
3233,True
3234,False
3235,True
3236,True
3237,True
3238,False
3239,True
3240,True
3241,True
3242,False
3243,True
3244,True
3245,False
3246,False
3247,False
3248,False
3249,True
3250,False
3251,False
3252,True
3253,True
3254,False
3255,False
3256,True
3257,True
3258,False
3259,True
3260,True
3261,False
3262,True
3263,True
3264,False
3265,False
3266,False
3267,False
3268,True
3269,False
3270,True
3271,False
3272,False
3273,True
3274,True
3275,True
3276,False
3277,False
3278,False
3279,False
3280,False
3281,False
3282,True
3283,False
3284,False
3285,False
3286,True
3287,False
3288,False
3289,True
3290,False
3291,True
3292,False
3293,True
3294,True
3295,False
3296,False
3297,False
3298,True
3299,False
3300,True
3301,False
3302,False
3303,True
3304,False
3305,False
3306,True
3307,True
3308,True
3309,True
3310,False
3311,False
3312,False
3313,False
3314,False
3315,True
3316,True
3317,False
3318,False
3319,False
3320,True
3321,False
3322,True
3323,False
3324,False
3325,False
3326,True
3327,True
3328,False
3329,False
3330,True
3331,True
3332,False
3333,True
3334,True
3335,True
3336,True
3337,True
3338,True
3339,False
3340,False
3341,True
3342,False
3343,True
3344,False
3345,False
3346,False
3347,True
3348,True
3349,False
3350,True
3351,False
3352,True
3353,True
3354,True
3355,True
3356,False
3357,False
3358,True
3359,False
3360,False
3361,True
3362,True
3363,False
3364,True
3365,False
3366,True
3367,False
3368,True
3369,True
3370,False
3371,False
3372,False
3373,True
3374,True
3375,False
3376,False
3377,True
3378,False
3379,True
3380,True
3381,False
3382,False
3383,False
3384,True
3385,True
3386,False
3387,False
3388,True
3389,True
3390,True
3391,False
3392,False
3393,True
3394,True
3395,False
3396,True
3397,True
3398,True
3399,False
3400,False
3401,False
3402,True
3403,True
3404,False
3405,False
3406,False
3407,True
3408,True
3409,False
3410,False
3411,True
3412,False
3413,True
3414,False
3415,True
3416,False
3417,False
3418,False
3419,True
3420,False
3421,True
3422,True
3423,True
3424,False
3425,True
3426,False
3427,True
3428,True
3429,True
3430,False
3431,True
3432,False
3433,True
3434,False
3435,True
3436,True
3437,True
3438,False
3439,False
3440,False
3441,True
3442,True
3443,True
3444,True
3445,False
3446,True
3447,True
3448,False
3449,True
3450,False
3451,False
3452,False
3453,True
3454,False
3455,True
3456,False
3457,True
3458,False
3459,True
3460,True
3461,False
3462,True
3463,True
3464,False
3465,True
3466,True
3467,False
3468,True
3469,True
3470,False
3471,True
3472,False
3473,True
3474,True
3475,True
3476,False
3477,False
3478,True
3479,False
3480,False
3481,False
3482,False
3483,True
3484,False
3485,True
3486,False
3487,True
3488,False
3489,False
3490,False
3491,True
3492,True
3493,False
3494,True
3495,False
3496,True
3497,False
3498,False
3499,True
3500,True
3501,True
3502,True
3503,False
3504,True
3505,True
3506,False
3507,True
3508,False
3509,False
3510,True
3511,True
3512,True
3513,False
3514,False
3515,False
3516,False
3517,True
3518,False
3519,True
3520,True
3521,True
3522,True
3523,True
3524,False
3525,False
3526,True
3527,True
3528,False
3529,True
3530,True
3531,False
3532,True
3533,False
3534,False
3535,False
3536,False
3537,False
3538,False
3539,True
3540,True
3541,True
3542,False
3543,False
3544,True
3545,False
3546,False
3547,False
3548,True
3549,False
3550,True
3551,False
3552,True
3553,False
3554,False
3555,True
3556,False
3557,False
3558,False
3559,False
3560,False
3561,False
3562,False
3563,True
3564,False
3565,False
3566,False
3567,True
3568,False
3569,False
3570,True
3571,True
3572,False
3573,True
3574,False
3575,False
3576,False
3577,True
3578,False
3579,False
3580,False
3581,False
3582,False
3583,True
3584,True
3585,False
3586,True
3587,True
3588,True
3589,False
3590,True
3591,True
3592,True
3593,False
3594,False
3595,True
3596,True
3597,True
3598,True
3599,True
3600,False
3601,False
3602,False
3603,True
3604,True
3605,False
3606,False
3607,False
3608,False
3609,False
3610,False
3611,False
3612,True
3613,True
3614,True
3615,False
3616,False
3617,True
3618,True
3619,True
3620,False
3621,False
3622,False
3623,True
3624,False
3625,False
3626,False
3627,False
3628,True
3629,False
3630,False
3631,False
3632,False
3633,True
3634,True
3635,False
3636,True
3637,True
3638,False
3639,True
3640,True
3641,False
3642,True
3643,False
3644,True
3645,False
3646,False
3647,False
3648,True
3649,True
3650,False
3651,False
3652,False
3653,True
3654,True
3655,False
3656,True
3657,True
3658,False
3659,True
3660,False
3661,True
3662,True
3663,False
3664,True
3665,True
3666,False
3667,True
3668,False
3669,True
3670,True
3671,False
3672,False
3673,False
3674,False
3675,False
3676,False
3677,False
3678,False
3679,False
3680,True
3681,False
3682,True
3683,True
3684,False
3685,True
3686,False
3687,False
3688,False
3689,False
3690,False
3691,False
3692,False
3693,False
3694,True
3695,True
3696,False
3697,True
3698,True
3699,True
3700,True
3701,True
3702,True
3703,False
3704,True
3705,True
3706,False
3707,True
3708,False
3709,True
3710,True
3711,False
3712,True
3713,True
3714,False
3715,True
3716,True
3717,True
3718,True
3719,False
3720,False
3721,True
3722,True
3723,True
3724,True
3725,True
3726,True
3727,True
3728,True
3729,True
3730,True
3731,False
3732,True
3733,False
3734,False
3735,True
3736,True
3737,False
3738,False
3739,False
3740,True
3741,True
3742,True
3743,True
3744,False
3745,True
3746,True
3747,True
3748,True
3749,False
3750,True
3751,True
3752,False
3753,True
3754,True
3755,True
3756,False
3757,False
3758,False
3759,True
3760,False
3761,False
3762,True
3763,False
3764,False
3765,False
3766,True
3767,True
3768,True
3769,True
3770,True
3771,False
3772,True
3773,True
3774,True
3775,False
3776,True
3777,False
3778,True
3779,True
3780,True
3781,True
3782,False
3783,False
3784,True
3785,False
3786,False
3787,True
3788,True
3789,False
3790,True
3791,True
3792,False
3793,True
3794,False
3795,True
3796,False
3797,True
3798,True
3799,False
3800,False
3801,True
3802,False
3803,True
3804,False
3805,False
3806,False
3807,False
3808,True
3809,False
3810,False
3811,True
3812,False
3813,False
3814,False
3815,False
3816,True
3817,True
3818,True
3819,True
3820,True
3821,True
3822,False
3823,False
3824,False
3825,False
3826,True
3827,False
3828,True
3829,False
3830,False
3831,False
3832,False
3833,False
3834,True
3835,False
3836,False
3837,False
3838,True
3839,False
3840,True
3841,True
3842,False
3843,False
3844,False
3845,True
3846,True
3847,False
3848,True
3849,False
3850,False
3851,True
3852,False
3853,True
3854,True
3855,True
3856,True
3857,True
3858,False
3859,True
3860,True
3861,True
3862,False
3863,False
3864,True
3865,False
3866,True
3867,False
3868,True
3869,True
3870,False
3871,True
3872,False
3873,True
3874,True
3875,True
3876,False
3877,True
3878,True
3879,True
3880,False
3881,True
3882,True
3883,True
3884,True
3885,True
3886,False
3887,False
3888,True
3889,False
3890,False
3891,False
3892,True
3893,True
3894,False
3895,True
3896,True
3897,False
3898,True
3899,True
3900,True
3901,True
3902,True
3903,True
3904,False
3905,False
3906,False
3907,False
3908,True
3909,False
3910,False
3911,False
3912,True
3913,False
3914,True
3915,True
3916,True
3917,True
3918,False
3919,False
3920,True
3921,True
3922,False
3923,True
3924,True
3925,False
3926,False
3927,True
3928,False
3929,True
3930,False
3931,False
3932,True
3933,True
3934,True
3935,False
3936,True
3937,False
3938,False
3939,False
3940,False
3941,True
3942,True
3943,True
3944,False
3945,True
3946,False
3947,False
3948,True
3949,False
3950,False
3951,True
3952,True
3953,False
3954,True
3955,True
3956,True
3957,False
3958,True
3959,False
3960,True
3961,False
3962,True
3963,True
3964,True
3965,False
3966,True
3967,False
3968,False
3969,False
3970,False
3971,False
3972,True
3973,False
3974,False
3975,True
3976,True
3977,False
3978,False
3979,False
3980,True
3981,True
3982,True
3983,False
3984,True
3985,True
3986,True
3987,False
3988,True
3989,False
3990,False
3991,False
3992,True
3993,False
3994,False
3995,False
3996,False
3997,True
3998,False
3999,False
4000,True
4001,False
4002,False
4003,True
4004,False
4005,False
4006,True
4007,True
4008,False
4009,True
4010,True
4011,True
4012,False
4013,True
4014,True
4015,False
4016,True
4017,True
4018,True
4019,False
4020,True
4021,False
4022,False
4023,False
4024,True
4025,False
4026,True
4027,False
4028,False
4029,False
4030,False
4031,False
4032,False
4033,True
4034,False
4035,True
4036,False
4037,False
4038,False
4039,False
4040,True
4041,True
4042,False
4043,True
4044,False
4045,False
4046,False
4047,False
4048,False
4049,False
4050,False
4051,True
4052,False
4053,False
4054,False
4055,False
4056,True
4057,False
4058,False
4059,False
4060,True
4061,True
4062,True
4063,False
4064,True
4065,False
4066,False
4067,True
4068,False
4069,False
4070,True
4071,False
4072,True
4073,False
4074,False
4075,True
4076,False
4077,True
4078,True
4079,False
4080,False
4081,False
4082,False
4083,True
4084,True
4085,True
4086,False
4087,False
4088,True
4089,True
4090,True
4091,True
4092,True
4093,False
4094,True
4095,True
4096,True
4097,False
4098,True
4099,True
4100,True
4101,True
4102,True
4103,True
4104,True
4105,True
4106,True
4107,True
4108,True
4109,True
4110,True
4111,False
4112,True
4113,True
4114,True
4115,True
4116,False
4117,False
4118,True
4119,True
4120,False
4121,True
4122,True
4123,True
4124,True
4125,True
4126,True
4127,True
4128,False
4129,False
4130,True
4131,True
4132,False
4133,True
4134,False
4135,True
4136,True
4137,True
4138,False
4139,True
4140,True
4141,True
4142,False
4143,True
4144,True
4145,False
4146,True
4147,False
4148,True
4149,True
4150,True
4151,False
4152,True
4153,False
4154,False
4155,True
4156,False
4157,False
4158,True
4159,False
4160,True
4161,True
4162,False
4163,False
4164,True
4165,False
4166,False
4167,False
4168,True
4169,True
4170,False
4171,True
4172,False
4173,False
4174,True
4175,True
4176,True
4177,True
4178,True
4179,False
4180,False
4181,True
4182,True
4183,False
4184,True
4185,False
4186,True
4187,False
4188,False
4189,False
4190,False
4191,False
4192,False
4193,False
